{"cameraMode":{"drawMode":0,"name":"Shaded","section":"Shading Mode"},"sceneLighting":false,"audioPlay":false,"sceneViewState":{"showFog":true,"showMaterialUpdate":false,"showSkybox":true,"showFlares":true,"showImageEffects":true,"showParticleSystems":true},"in2DMode":false,"pivot":{"x":1.0470696687698365,"y":6.42370080947876,"z":17.22379493713379},"rotation":{"x":-0.017354540526866914,"y":0.3761255145072937,"z":0.0069743008352816109,"w":0.9263799786567688},"size":9.039377212524414,"orthographic":false}