{"cameraMode":{"drawMode":0,"name":"Shaded","section":"Shading Mode"},"sceneLighting":false,"audioPlay":false,"sceneViewState":{"showFog":true,"showMaterialUpdate":false,"showSkybox":true,"showFlares":true,"showImageEffects":true,"showParticleSystems":true},"in2DMode":false,"pivot":{"x":0.0,"y":8.399999618530274,"z":14.529999732971192},"rotation":{"x":-0.017354540526866914,"y":0.3761255145072937,"z":0.0069743008352816109,"w":0.9263799786567688},"size":5.215027809143066,"orthographic":false}